title,category,link
Lok Sabha Election Schedule 2019 Lok Sabha Elections To Be Held In 7 Phases From April 11 To May 19 Counting Of Votes On May 23,india,https://timesofindia.indiatimes.com/india/lok-sabha-election-schedule-2019-lok-sabha-elections-to-be-held-in-7-phases-from-april-11-to-may-19-counting-of-votes-on-may-23/articleshow/68344034.cms
Navy Chief Holds Talks With Chief Of Us Naval Operations,india,https://timesofindia.indiatimes.com/india/navy-chief-holds-talks-with-chief-of-us-naval-operations/articleshow/69312663.cms
Navy Chief Holds Talks With Chief Of Us Naval Operations,india,https://timesofindia.indiatimes.com/india/navy-chief-holds-talks-with-chief-of-us-naval-operations/articleshow/69312663.cms
Cbi Carries Out Searches At 22 Locations In 250 Crore Scholarship Scam,india,https://timesofindia.indiatimes.com/india/cbi-carries-out-searches-at-22-locations-in-250-crore-scholarship-scam/articleshow/69312324.cms
As Us Sanctions Weigh In Iran Sends Foreign Minister To New Delhi,india,https://timesofindia.indiatimes.com/india/as-us-sanctions-weigh-in-iran-sends-foreign-minister-to-new-delhi/articleshow/69311763.cms
Saudi Employer Scratches And Thrashes 24 Year Old Indian Woman From Telangana Who Is Crying To Be Rescued,india,https://timesofindia.indiatimes.com/india/saudi-employer-scratches-and-thrashes-24-year-old-indian-woman-from-telangana-who-is-crying-to-be-rescued/articleshow/69311550.cms
Navy Chief To Inaugurate Countrys Fifth Ssb At Diamond Harbour In Bengal,india,https://timesofindia.indiatimes.com/india/navy-chief-to-inaugurate-countrys-fifth-ssb-at-diamond-harbour-in-bengal/articleshow/69311508.cms
Jk Over 40 Security Personnel 7 Civilians Injured In Clashes During Protests Over Rape Of Girl,india,https://timesofindia.indiatimes.com/india/jk-over-40-security-personnel-7-civilians-injured-in-clashes-during-protests-over-rape-of-girl/articleshow/69311465.cms
Congress Raises Concern Over Handling Of Evms After Voting In North East Delhi Seat,india,https://timesofindia.indiatimes.com/india/congress-raises-concern-over-handling-of-evms-after-voting-in-north-east-delhi-seat/articleshow/69311344.cms
Strike Against Rape Of Minor Disrupts Normal Life In Srinagar,india,https://timesofindia.indiatimes.com/india/strike-against-rape-of-minor-disrupts-normal-life-in-srinagar/articleshow/69306127.cms
Unfit For Public Life Jaitley Slams Mayawati After Remarks On Pm Modi,india,https://timesofindia.indiatimes.com/india/unfit-for-public-life-jaitley-slams-mayawati-after-remarks-on-pm-modi/articleshow/69305308.cms
Agustawestland Case Jail Authorities Deny Michels Claim Of Losing 16 Kg,india,https://timesofindia.indiatimes.com/india/agustawestland-case-jail-authorities-deny-michels-claim-of-losing-16-kg/articleshow/69304867.cms
Scientists Prepares 20 Tonnes Of Food Energy Bars For Fani Victims,india,https://timesofindia.indiatimes.com/india/scientists-prepares-20-tonnes-of-food-energy-bars-for-fani-victims/articleshow/69304593.cms
Pakistan Expects To Resume Talks On Kartarpur Corridor After Elections In India,india,https://timesofindia.indiatimes.com/india/pakistan-expects-to-resume-talks-on-kartarpur-corridor-after-elections-in-india/articleshow/69304646.cms
Strike Against Rape Of Minor Disrupts Normal Life In Srinagar,india,https://timesofindia.indiatimes.com/india/strike-against-rape-of-minor-disrupts-normal-life-in-srinagar/articleshow/69304217.cms
Kamal Haasan Slammed For First Terrorist Was Hindu Remark,india,https://timesofindia.indiatimes.com/india/kamal-haasan-slammed-for-first-terrorist-was-hindu-remark/articleshow/69303746.cms
Sc Agrees To Hear Plea Against Delhi Hc Verdict Quashing Cadre Allocation Of Ias Ips Officers,india,https://timesofindia.indiatimes.com/india/sc-agrees-to-hear-plea-against-delhi-hc-verdict-quashing-cadre-allocation-of-ias-ips-officers/articleshow/69303441.cms
Google Dedicates Doodle To 6th Phase Of Lok Sabha Elections,india,https://timesofindia.indiatimes.com/india/google-dedicates-doodle-to-6th-phase-of-lok-sabha-elections/articleshow/69290530.cms
Cant See But Can Crack The Code,india,https://timesofindia.indiatimes.com/india/cant-see-but-can-crack-the-code/articleshow/69279333.cms
2 Terrorists Killed In Encounter In Jks Shopian,india,https://timesofindia.indiatimes.com/india/2-terrorists-killed-in-encounter-in-jks-shopian/articleshow/69288501.cms
Congress Left Red Faced As 2 Senior Leaders Come To Blows On Dais In Hyderabad,india,https://timesofindia.indiatimes.com/india/congress-left-red-faced-as-2-senior-leaders-come-to-blows-on-dais-in-hyderabad/articleshow/69288342.cms
On Pokhran Ii Nuclear Test Anniv Pm Modi Hails Vajpayee,india,https://timesofindia.indiatimes.com/india/on-pokhran-ii-nuclear-test-anniv-pm-modi-hails-vajpayee/articleshow/69288337.cms
Maoists Trigger Landmine Blast In Odisha 2 Sog Jawans Injured,india,https://timesofindia.indiatimes.com/india/maoists-trigger-landmine-blast-in-odisha-2-sog-jawans-injured/articleshow/69288318.cms
Army Called In As Assam Town Remains Tense Curfew In Place,india,https://timesofindia.indiatimes.com/india/army-called-in-as-assam-town-remains-tense-curfew-in-place/articleshow/69288314.cms
Akola Court Finally Disposes Of Civil Suit Filed 67 Yrs Ago,india,https://timesofindia.indiatimes.com/india/akola-court-finally-disposes-of-civil-suit-filed-67-yrs-ago/articleshow/69288301.cms
Rti Being Cited Not On Detention Of Tmc Mps Wife Clarifies Customs,india,https://timesofindia.indiatimes.com/india/rti-being-cited-not-on-detention-of-tmc-mps-wife-clarifies-customs/articleshow/69288237.cms
Rajdhani Catches Fire All Safe,india,https://timesofindia.indiatimes.com/india/rajdhani-catches-fire-all-safe/articleshow/69287972.cms
Patnaik Begins Probe Into Sc Bench Fixing,india,https://timesofindia.indiatimes.com/india/patnaik-begins-probe-into-sc-bench-fixing/articleshow/69287967.cms
Coming Up In Gujarat Sindhis Own Sacred Shrine,india,https://timesofindia.indiatimes.com/india/coming-up-in-gujarat-sindhis-own-sacred-shrine/articleshow/69287901.cms
Lt Gen Under Scrutiny Over Funds Misuse,india,https://timesofindia.indiatimes.com/india/lt-gen-under-scrutiny-over-funds-misuse/articleshow/69287889.cms
7 New Cats Spotted Sunderbans Tiger Count Set To Rise,india,https://timesofindia.indiatimes.com/india/7-new-cats-spotted-sunderbans-tiger-count-set-to-rise/articleshow/69287861.cms
After Haryana Bt Brinjal Find Activists Seek Pan India Probe,india,https://timesofindia.indiatimes.com/india/after-haryana-bt-brinjal-find-activists-seek-pan-india-probe/articleshow/69287786.cms
No Right To Lawyers Aid In In House Proceedings Sc,india,https://timesofindia.indiatimes.com/india/no-right-to-lawyers-aid-in-in-house-proceedings-sc/articleshow/69287721.cms
Is Announces Its New Province To Focus On Indian Subcontinent,india,https://timesofindia.indiatimes.com/india/is-announces-its-new-province-to-focus-on-indian-subcontinent/articleshow/69287667.cms
2 Week Guided Tour Of Students To Isro Centres Starts From Monday,india,https://timesofindia.indiatimes.com/india/2-week-guided-tour-of-students-to-isro-centres-starts-from-monday/articleshow/69287601.cms
Hailakandi Remains Tense Curfew Extended Till 7am On Monday,india,https://timesofindia.indiatimes.com/india/hailakandi-remains-tense-curfew-extended-till-7am-on-monday/articleshow/69286779.cms
Sc Directs Cbi To Call Anna Hazare As Prosecution Witness In Nimbalkar Murder Trial,india,https://timesofindia.indiatimes.com/india/sc-directs-cbi-to-call-anna-hazare-as-prosecution-witness-in-nimbalkar-murder-trial/articleshow/69286621.cms
Odisha Announces Rs 1600 Crore Livelihood Package For Cyclone Hit Farmers Fishermen,india,https://timesofindia.indiatimes.com/india/odisha-announces-rs-1600-crore-livelihood-package-for-cyclone-hit-farmers-fishermen/articleshow/69286488.cms
Centre To Play Crucial Role In Rebuilding Of Odisha After Fani Says Dharmendra Pradhan,india,https://timesofindia.indiatimes.com/india/centre-to-play-crucial-role-in-rebuilding-of-odisha-after-fani-says-dharmendra-pradhan/articleshow/69286530.cms
Army Conducts Coi Against Officer For Alleged Corruption Breach Of Rules,india,https://timesofindia.indiatimes.com/india/army-conducts-coi-against-officer-for-alleged-corruption-breach-of-rules/articleshow/69285664.cms
Pm Modi Curtails Tenure Of Senior Railway Officer Who Sought Complementary Ipl Passes,india,https://timesofindia.indiatimes.com/india/pm-modi-curtails-tenure-of-senior-railway-officer-who-sought-complementary-ipl-passes/articleshow/69285330.cms
Rain Snowfall Bring Relief From Scorching Heat In Jammu,india,https://timesofindia.indiatimes.com/india/rain-snowfall-bring-relief-from-scorching-heat-in-jammu/articleshow/69284623.cms
Pakistan Man Arrested In Murder Of Indian From Hyderabad Working In London,india,https://timesofindia.indiatimes.com/india/pakistan-man-arrested-in-murder-of-indian-from-hyderabad-working-in-london/articleshow/69284587.cms
Iaf Receives First Apache Guardian Attack Helicopters,india,https://timesofindia.indiatimes.com/india/iaf-receives-first-apache-guardian-attack-helicopters/articleshow/69283782.cms
Three Ex Cms Failed To Do Any Significant Works For Native Santhal Pargana Amit Shah,india,https://timesofindia.indiatimes.com/india/three-ex-cms-failed-to-do-any-significant-works-for-native-santhal-pargana-amit-shah/articleshow/69283524.cms
Ammk Firm On Dislodging Aiadmk Govt Says Thanga Tamilselvan,india,https://timesofindia.indiatimes.com/india/ammk-firm-on-dislodging-aiadmk-govt-says-thanga-tamilselvan/articleshow/69280789.cms
Gorakhpur Hospital Case Sc Refuses To Interfere In Suspension Of Dr Kafeel Khan,india,https://timesofindia.indiatimes.com/india/gorakhpur-hospital-case-sc-refuses-to-interfere-in-suspension-of-dr-kafeel-khan/articleshow/69280722.cms
Reports Of Differences Between Attorney General Government Motivated Arun Jaitley,india,https://timesofindia.indiatimes.com/india/reports-of-differences-between-attorney-general-government-motivated-arun-jaitley/articleshow/69280469.cms
Bs Yeddyurappa Claims 20 Congress Legislators Will Jump Ship After Lok Sabha Results,india,https://timesofindia.indiatimes.com/india/bs-yeddyurappa-claims-20-congress-legislators-will-jump-ship-after-lok-sabha-results/articleshow/69277373.cms
Most Of Debris Generated From Indias Anti Satellite Test Has Decayed Reddy,india,https://timesofindia.indiatimes.com/india/most-of-debris-generated-from-indias-anti-satellite-test-has-decayed-reddy/articleshow/69278821.cms
India Developing Worlds Largest Telescope,india,https://timesofindia.indiatimes.com/india/india-developing-worlds-largest-telescope/articleshow/69278700.cms
Dalit Women Labourers In Punjab Farms Battle Sex Abuse,india,https://timesofindia.indiatimes.com/india/dalit-women-labourers-in-punjab-farms-battle-sex-abuse/articleshow/69278178.cms
Pak National Held For Hyderabad Man Murder In London,city,https://timesofindia.indiatimes.com/city/hyderabad/pak-national-held-for-hyderabad-man-murder-in-london/articleshow/69288366.cms
Bengaluru 36 Hour Power Cut In Many Localities,city,https://timesofindia.indiatimes.com/city/bengaluru/bengaluru-36-hour-power-cut-in-many-localities/articleshow/69276606.cms
Mumbaikars Can Now Drink Water Straight From Tap Bmc,city,https://timesofindia.indiatimes.com/city/mumbai/mumbaikars-can-now-drink-water-straight-from-tap-bmc/articleshow/69287656.cms
Aurangabad 21 Year Old Blames Girlfriend For Poor Results Seeks Relief,city,https://timesofindia.indiatimes.com/city/aurangabad/aurangabad-21-year-old-blames-girlfriend-for-poor-results-seeks-relief/articleshow/69276804.cms
Central Team Starts Assessment Of Damage Caused By Cyclone Fani,india,https://timesofindia.indiatimes.com/india/central-team-starts-assessment-of-damage-caused-by-cyclone-fani/articleshow/69314294.cms
Drdo Conducts Successful Flight Test Of Abhyas,india,https://timesofindia.indiatimes.com/india/drdo-conducts-successful-flight-test-of-abhyas/articleshow/69313852.cms
Sps Bicycle Will Puncture Under Weight Of Bsps Elephant Adityanath,elections,https://timesofindia.indiatimes.com/elections/lok-sabha-elections-2019/uttar-pradesh/news/sps-bicycle-will-puncture-under-weight-of-bsps-elephant-adityanath/articleshow/69313122.cms
Blasts Rock Afghanistans Jalalabad Killing 3 Wounding 20,world,https://timesofindia.indiatimes.com/world/middle-east/blasts-rock-afghanistans-jalalabad-killing-3-wounding-20/articleshow/69314209.cms
Blast In Pakistani City Quetta Kills Four Cops Officials,world,https://timesofindia.indiatimes.com/world/pakistan/blast-in-pakistani-city-quetta-kills-four-cops-officials/articleshow/69314060.cms
Philippines Votes In Polls Expected To Strengthen Rodrigo Duterte,world,https://timesofindia.indiatimes.com/world/rest-of-world/philippines-votes-in-polls-expected-to-strengthen-rodrigo-duterte/articleshow/69311911.cms
Only 1 Indian Client Of Iran Takes Up Extra Saudi Oil For June Sources,business,https://timesofindia.indiatimes.com/business/india-business/only-1-indian-client-of-iran-takes-up-extra-saudi-oil-for-june-sources/articleshow/69313923.cms
Car And Suv Sales See Steepest Fall In Nearly Eight Years,business,https://timesofindia.indiatimes.com/business/india-business/car-and-suv-sales-see-steepest-fall-in-nearly-eight-years/articleshow/69313579.cms
Icici Videocon Loan Case Chanda Kochhar Her Husband Appear Before Ed Grilled For 8 Hours,business,https://timesofindia.indiatimes.com/business/india-business/icici-videocon-loan-case-chanda-kochhar-her-husband-appear-before-ed-grilled-for-8-hours/articleshow/69312348.cms
Photos Priyanka Chopra And Nick Jonas Enjoy A Rainy Night In New York,entertainment,https://timesofindia.indiatimes.com/entertainment/hindi/bollywood/news/photos-priyanka-chopra-and-nick-jonas-enjoy-a-rainy-night-in-new-york/articleshow/69306149.cms
Find Out Why Kangana Ranauts Sister Rangoli Chandel Calls Her A Bhikhshu,entertainment,https://timesofindia.indiatimes.com/entertainment/hindi/bollywood/news/find-out-why-kangana-ranauts-sister-rangoli-chandel-calls-her-a-bhikhshu/articleshow/69309962.cms
Us Slaps Sanctions Against Indian Man Parents For Running Global Drug Smuggling Network,nri,https://timesofindia.indiatimes.com/nri/us-canada-news/us-slaps-sanctions-against-indian-man-parents-for-running-global-drug-smuggling-network/articleshow/68092158.cms
Man Faces Hate Crime Charge After Throwing Hot Coffee Punching Sikh Clerk In Us,nri,https://timesofindia.indiatimes.com/nri/us-canada-news/man-faces-hate-crime-charge-after-throwing-hot-coffee-punching-sikh-clerk-in-us/articleshow/68035145.cms
Indian Origin Man Jailed For Bomb Hoax In Singapore,nri,https://timesofindia.indiatimes.com/nri/other-news/indian-origin-man-jailed-for-bomb-hoax-in-singapore/articleshow/67634929.cms
Ap 10th Results 2019 Andhra Pradesh Board To Release Ssc Results Live Updates Bseap Org,home,https://timesofindia.indiatimes.com/home/education/news/ap-10th-results-2019-andhra-pradesh-board-to-release-ssc-results-live-updates-bseap-org/articleshow/69315531.cms
Maharashtra Govt Extended Admission Date For Pg Medical Admissions,home,https://timesofindia.indiatimes.com/home/education/news/maharashtra-govt-extended-admission-date-for-pg-medical-admissions/articleshow/69314233.cms
Protesting Phd Aspirants Allege Wrong Admission In Economics Modified Rules In Philosophy Dept,home,https://timesofindia.indiatimes.com/home/education/news/protesting-phd-aspirants-allege-wrong-admission-in-economics-modified-rules-in-philosophy-dept/articleshow/69312440.cms
Soon Water Atms To Be Installed In Corpn Wards,city,https://timesofindia.indiatimes.com/city/chennai/soon-water-atms-to-be-installed-in-corpn-wards/articleshow/69285419.cms
Soon Water Atms To Be Installed In Corpn Wards,city,https://timesofindia.indiatimes.com/city/chennai/soon-water-atms-to-be-installed-in-corpn-wards/articleshow/69285419.cms
Brts Or Metro Link For It Corridor,city,https://timesofindia.indiatimes.com/city/hyderabad/brts-or-metro-link-for-it-corridor/articleshow/69287296.cms
Cyclone Fani Odisha Government Announces Rs 1600 Crore Package For Farmers Women Shgs,city,https://timesofindia.indiatimes.com/city/bhubaneswar/cyclone-fani-odisha-government-announces-rs-1600-crore-package-for-farmers-women-shgs/articleshow/69285908.cms
Women Disabled To Get Extra Coach In Rajdhani,city,https://timesofindia.indiatimes.com/city/mumbai/women-disabled-to-get-extra-coach-in-rajdhani/articleshow/69265269.cms
Centre Gives Incentives To 10 States For Success In Police Reforms,india,https://timesofindia.indiatimes.com/india/centre-gives-incentives-to-10-states-for-success-in-police-reforms/articleshow/69199956.cms
What Is Satta Matka,india,https://timesofindia.indiatimes.com/india/what-is-satta-matka/articleshow/65670358.cms
Satta Market Bets Swing From Bjp To Congress In Madhya Pradesh,india,https://timesofindia.indiatimes.com/india/satta-market-bets-swing-from-bjp-to-congress-in-madhya-pradesh/articleshow/66724132.cms
Mp Assembly Polls Satta Market Bets Shift From Winner Loser To Seat Tally,city,https://timesofindia.indiatimes.com/city/bhopal/mp-assembly-polls-satta-market-bets-shift-from-winner-loser-to-seat-tally/articleshow/66726353.cms
What Is Sabarimala Case,india,https://timesofindia.indiatimes.com/india/what-is-sabarimala-case/articleshow/66054724.cms
Govt Plays Net Nanny Bans 800 Porn Sites Subscribers See Red,india,https://timesofindia.indiatimes.com/india/govt-plays-net-nanny-bans-800-porn-sites-subscribers-see-red/articleshow/66453163.cms
What Is Satta Matka,india,https://timesofindia.indiatimes.com/india/what-is-satta-matka/articleshow/65670358.cms
Ap 10th Results 2019 Andhra Pradesh Board To Release Ssc Results Live Updates Bseap Org,home,https://timesofindia.indiatimes.com/home/education/news/ap-10th-results-2019-andhra-pradesh-board-to-release-ssc-results-live-updates-bseap-org/articleshow/69315531.cms
Digvijaya Singh Committed Big Sin By Not Voting Says Pm Modi,elections,https://timesofindia.indiatimes.com/elections/lok-sabha-elections-2019/madhya-pradesh/news/digvijaya-singh-committed-big-sin-by-not-voting-says-pm-modi/articleshow/69306769.cms
Virat Kohli Is Driven To Be The Best Wont Be Surprised If India Win The World Cup Under His Captaincy Says Simon Katich,sports,https://timesofindia.indiatimes.com/sports/cricket/icc-world-cup/virat-kohli-is-driven-to-be-the-best-wont-be-surprised-if-india-win-the-world-cup-under-his-captaincy-says-simon-katich/articleshow/69305386.cms
Lok Sabha Elections 63 8 Polling In Sixth Phase Bengal Sees More Violence,elections,https://timesofindia.indiatimes.com/elections/news/lok-sabha-elections-63-8-polling-in-sixth-phase-bengal-sees-more-violence/articleshow/69299609.cms
Unfit For Public Life Jaitley Slams Mayawati After Remarks On Pm Modi,india,https://timesofindia.indiatimes.com/india/unfit-for-public-life-jaitley-slams-mayawati-after-remarks-on-pm-modi/articleshow/69305308.cms
Arrest Me For Chanting Jai Shri Ram Amit Shah Dares Mamata Banerje,elections,https://timesofindia.indiatimes.com/elections/lok-sabha-elections-2019/west-bengal/news/arrest-me-for-chanting-jai-shri-ram-amit-shah-dares-mamata-banerje/articleshow/69306304.cms
Itc Appoints Sanjiv Puri As Chairman Q4 Profit Up 19,business,https://timesofindia.indiatimes.com/business/india-business/itc-appoints-sanjiv-puri-as-chairman-q4-profit-up-19/articleshow/69306846.cms
Bjp Candidate Attacked Twice In West Bengal Ceo Seeks Report,elections,https://timesofindia.indiatimes.com/elections/lok-sabha-elections-2019/west-bengal/news/bjp-candidate-attacked-twice-in-west-bengal-ceo-seeks-report/articleshow/69291552.cms
Voting Under Way In All 7 Lok Sabha Seats Of Delhi,city,https://timesofindia.indiatimes.com/city/delhi/voting-under-way-in-all-7-lok-sabha-seats-of-delhi/articleshow/69286837.cms
Pm Modi Playing Dirty Politics Over Alwar Gangrape Case Says Mayawati,elections,https://timesofindia.indiatimes.com/elections/news/pm-modi-playing-dirty-politics-over-alwar-gangrape-case-says-mayawati/articleshow/69302375.cms
Love Will Win In Lok Sabha Battle Says Rahul,elections,https://timesofindia.indiatimes.com/elections/news/love-will-win-in-lok-sabha-battle-says-rahul/articleshow/69289866.cms
Rrb Railway Je 2019 Cbt 1 Exam City Mock Test Link Activated Check Here,home,https://timesofindia.indiatimes.com/home/education/news/rrb-railway-je-2019-cbt-1-exam-city-mock-test-link-activated-check-here/articleshow/69301021.cms
Horoscope Today May 12 Check Astrological Prediction For Cancer Leo Virgo Libra And Other Signs,astrology,https://timesofindia.indiatimes.com/astrology/horoscope/horoscope-today-may-12-check-astrological-prediction-for-cancer-leo-virgo-libra-and-other-signs/articleshow/69289751.cms
Jkbose 10th Result 2019 Declared For Jammu Division Jkbose Ac In Check Direct Link Here,home,https://timesofindia.indiatimes.com/home/education/news/jkbose-10th-result-2019-declared-for-jammu-division-jkbose-ac-in-check-direct-link-here/articleshow/69305327.cms
This Boy Lost A Massive 30 Kilos Heres How,life-style,https://timesofindia.indiatimes.com/life-style/health-fitness/weight-loss/this-boy-lost-a-massive-30-kilos-heres-how/articleshow/69303224.cms
9 Things You Should Never Do While Having Sex,life-style,https://timesofindia.indiatimes.com/life-style/relationships/love-sex/9-things-you-should-never-do-while-having-sex/articleshow/9137470.cms
9 Reasons You Should Have Sex Everyday,life-style,https://timesofindia.indiatimes.com/life-style/relationships/love-sex/9-reasons-you-should-have-sex-everyday/articleshow/11615900.cms
Xiaomi Redmi Note 7 Pro To Go On Sale Today Via Flipkart,gadgets-news,https://timesofindia.indiatimes.com/gadgets-news/xiaomi-redmi-note-7-pro-to-go-on-sale-today-via-flipkart/articleshow/69227812.cms
Sundar Pichai Has A Message For Apple On Privacy And Iphones Pricing,gadgets-news,https://timesofindia.indiatimes.com/gadgets-news/sundar-pichai-has-a-message-for-apple-on-privacy-and-iphones-pricing/articleshow/69251393.cms
Google Pixel 3a Pixel 3a Xl India Price Availability Offers And More,gadgets-news,https://timesofindia.indiatimes.com/gadgets-news/google-pixel-3a-pixel-3a-xl-india-price-availability-offers-and-more/articleshow/69225356.cms
Google Assistant Becomes 10x Faster And Can Do Lot More For You,gadgets-news,https://timesofindia.indiatimes.com/gadgets-news/google-assistant-becomes-10x-faster-and-can-do-lot-more-for-you/articleshow/69225096.cms
O 2019 Android Q Coming 21 Smartphones Including Pixel Phones Soon,gadgets-news,https://timesofindia.indiatimes.com/gadgets-news/google-i/o-2019-android-q-coming-21-smartphones-including-pixel-phones-soon/articleshow/69225022.cms
Google Lens Comes To Android Go Gets New Features,gadgets-news,https://timesofindia.indiatimes.com/gadgets-news/google-lens-comes-to-android-go-gets-new-features/articleshow/69224876.cms
Lok Sabha Election Schedule 2019 Lok Sabha Elections To Be Held In 7 Phases From April 11 To May 19 Counting Of Votes On May 23,india,https://timesofindia.indiatimes.com/india/lok-sabha-election-schedule-2019-lok-sabha-elections-to-be-held-in-7-phases-from-april-11-to-may-19-counting-of-votes-on-may-23/articleshow/68344034.cms
Sc Collegium Recommends Appointment Of Chief Justices For Four High Courts,india,https://timesofindia.indiatimes.com/india/sc-collegium-recommends-appointment-of-chief-justices-for-four-high-courts/articleshow/69311085.cms
Sc Collegium Recommends Appointment Of Chief Justices For Four High Courts,india,https://timesofindia.indiatimes.com/india/sc-collegium-recommends-appointment-of-chief-justices-for-four-high-courts/articleshow/69311085.cms
Centre Mandates Artificial Intelligence For All Dpsus Gets Mous Signed,india,https://timesofindia.indiatimes.com/india/centre-mandates-artificial-intelligence-for-all-dpsus-gets-mous-signed/articleshow/69310423.cms
There Cannot Be Any Reservation In Qualifying Examinations Says Sc,india,https://timesofindia.indiatimes.com/india/there-cannot-be-any-reservation-in-qualifying-examinations-says-sc/articleshow/69310325.cms
Dmk Chief Stalin Invites Trs Leader Kcr To Upa,india,https://timesofindia.indiatimes.com/india/dmk-chief-stalin-invites-trs-leader-kcr-to-upa/articleshow/69310508.cms
Collegium Recommends Names For Appointment As Chief Justices Of 4 Hcs,india,https://timesofindia.indiatimes.com/india/collegium-recommends-names-for-appointment-as-chief-justices-of-4-hcs/articleshow/69310486.cms
Modi Govt Has Been All Campaign No Work Priyanka Gandhi,india,https://timesofindia.indiatimes.com/india/modi-govt-has-been-all-campaign-no-work-priyanka-gandhi/articleshow/69309862.cms
F 21 Jets Will Not Be Sold To Any Other Country If We Get Iaf Contract Lockheed Martin,india,https://timesofindia.indiatimes.com/india/f-21-jets-will-not-be-sold-to-any-other-country-if-we-get-iaf-contract-lockheed-martin/articleshow/69308832.cms
Wildfire Rages Through Swathes Of Uttarakhand,india,https://timesofindia.indiatimes.com/india/wildfire-rages-through-swathes-of-uttarakhand/articleshow/69299772.cms
Odisha Confirms 21 More Deaths Cyclone Fani Toll Hits 64,india,https://timesofindia.indiatimes.com/india/odisha-confirms-21-more-deaths-cyclone-fani-toll-hits-64/articleshow/69299659.cms
Former Cop Among Two Lashkar Terrorists Killed In Jk Encounter,india,https://timesofindia.indiatimes.com/india/former-cop-among-two-lashkar-terrorists-killed-in-jk-encounter/articleshow/69298251.cms
Bjp Takes Dig At Kumaraswamys Stay At A Resort,india,https://timesofindia.indiatimes.com/india/bjp-takes-dig-at-kumaraswamys-stay-at-a-resort/articleshow/69298041.cms
Stark Difference Between Delhi Carnage In 1984 And Gujarat Riots In 2002 Naresh Gujral,india,https://timesofindia.indiatimes.com/india/stark-difference-between-delhi-carnage-in-1984-and-gujarat-riots-in-2002-naresh-gujral/articleshow/69297362.cms
Cyclone Fani Toll In Odisha Rises To 64,india,https://timesofindia.indiatimes.com/india/cyclone-fani-toll-in-odisha-rises-to-64/articleshow/69296672.cms
Sheila Dikshit Hopeful Of Winning All Seven Lok Sabha Seats In Delhi,india,https://timesofindia.indiatimes.com/india/sheila-dikshit-hopeful-of-winning-all-seven-lok-sabha-seats-in-delhi/articleshow/69296324.cms
Digvijaya Singh Skips Voting In Rajgarh Tracks Bhopal Polls,india,https://timesofindia.indiatimes.com/india/digvijaya-singh-skips-voting-in-rajgarh-tracks-bhopal-polls/articleshow/69295786.cms
St Act,india,https://timesofindia.indiatimes.com/india/sc-seeks-centres-reply-on-plea-challenging-mandatory-death-penalty-under-sc/st-act/articleshow/69274278.cms
Discoms Check Theft Raise Billing Under Uday But Still Losses Mount In Poll Season,india,https://timesofindia.indiatimes.com/india/discoms-check-theft-raise-billing-under-uday-but-still-losses-mount-in-poll-season/articleshow/69274252.cms
Wrote To Judges For Inquiry Panel Of Ex Sc Judges On Allegations Against Cji Ag,india,https://timesofindia.indiatimes.com/india/wrote-to-judges-for-inquiry-panel-of-ex-sc-judges-on-allegations-against-cji-ag/articleshow/69273563.cms
Sc Refuses To Regularise 4 Lakh Contractual Teachers Of Bihar,india,https://timesofindia.indiatimes.com/india/sc-refuses-to-regularise-4-lakh-contractual-teachers-of-bihar/articleshow/69273438.cms
Modi Seeking To Change Soft Cronystate Niti Aayog V C,india,https://timesofindia.indiatimes.com/india/modi-seeking-to-change-soft-cronystate-niti-aayog-v-c/articleshow/69273294.cms
Nitish Katara Murder Sc Seeks Delhi Govt Reply On Vikas Yadavs Plea Seeking Parole,india,https://timesofindia.indiatimes.com/india/nitish-katara-murder-sc-seeks-delhi-govt-reply-on-vikas-yadavs-plea-seeking-parole/articleshow/69273361.cms
Reservations For Scs And The Sts Is Not Against The Principle Of Meritocracy Sc,india,https://timesofindia.indiatimes.com/india/reservations-for-scs-and-the-sts-is-not-against-the-principle-of-meritocracy-sc/articleshow/69273233.cms
Sc To Hear On May 13 Plea To Advance Poll Timing In Lok Sabha Election,india,https://timesofindia.indiatimes.com/india/sc-to-hear-on-may-13-plea-to-advance-poll-timing-in-lok-sabha-election/articleshow/69273038.cms
Mental Asylum Sc Asks Chief Secretaries Of Four States To Submit Data Of Cured People,india,https://timesofindia.indiatimes.com/india/mental-asylum-sc-asks-chief-secretaries-of-four-states-to-submit-data-of-cured-people/articleshow/69273041.cms
Dont Have Resources Expertise To Construct Stalled Projects Of Amrapali Noida Gr Noida Authorities To Sc,india,https://timesofindia.indiatimes.com/india/dont-have-resources-expertise-to-construct-stalled-projects-of-amrapali-noida-gr-noida-authorities-to-sc/articleshow/69272397.cms
India Uk Vow To Boost Cooperation In Maritime Security Counter Terrorism,india,https://timesofindia.indiatimes.com/india/india-uk-vow-to-boost-cooperation-in-maritime-security-counter-terrorism/articleshow/69272030.cms
Will Urge Guv To Release Rajiv Gandhi Case Convicts Panneerselvam,india,https://timesofindia.indiatimes.com/india/will-urge-guv-to-release-rajiv-gandhi-case-convicts-panneerselvam/articleshow/69272062.cms
Sikh Bikers From Canada To Arrive In India On Saturday,india,https://timesofindia.indiatimes.com/india/sikh-bikers-from-canada-to-arrive-in-india-on-saturday/articleshow/69272137.cms
Zakir Naik Says Ed Lying Asks If Agency Is Under Pressure,india,https://timesofindia.indiatimes.com/india/zakir-naik-says-ed-lying-asks-if-agency-is-under-pressure/articleshow/69271618.cms
Curfew Clamped In Assams Hailakandi Town 15 Injured,india,https://timesofindia.indiatimes.com/india/curfew-clamped-in-assams-hailakandi-town-15-injured/articleshow/69271857.cms
Bhubaneswar Loses Over One Million Trees In Cyclone Fani,india,https://timesofindia.indiatimes.com/india/bhubaneswar-loses-over-one-million-trees-in-cyclone-fani/articleshow/69271002.cms
Indian Jailed In Uk For Sexual Assault On Plane,india,https://timesofindia.indiatimes.com/india/indian-jailed-in-uk-for-sexual-assault-on-plane/articleshow/69270124.cms
Iaf Intercepts Georgian Cargo Plane After It Deviates From Flight Path Forces It To Land At Jaipur,india,https://timesofindia.indiatimes.com/india/iaf-intercepts-georgian-cargo-plane-after-it-deviates-from-flight-path-forces-it-to-land-at-jaipur/articleshow/69270329.cms
Clear Mandate For Anti Bjp Parties Pm Candidate After Opposition Sits Together Chandrababu Naidu,india,https://timesofindia.indiatimes.com/india/clear-mandate-for-anti-bjp-parties-pm-candidate-after-opposition-sits-together-chandrababu-naidu/articleshow/69269474.cms
Supreme Court Reserves Order On Petitions Seeking Review Of Rafale Verdict,india,https://timesofindia.indiatimes.com/india/supreme-court-reserves-order-on-petitions-seeking-review-of-rafale-verdict/articleshow/69269204.cms
Rahul Contempt Case Supreme Court Reserves Order,india,https://timesofindia.indiatimes.com/india/rahul-contempt-case-supreme-court-reserves-order/articleshow/69268463.cms
Us Navy Chief To Visit India On 3 Day Visit From Sunday,india,https://timesofindia.indiatimes.com/india/us-navy-chief-to-visit-india-on-3-day-visit-from-sunday/articleshow/69267907.cms
Modis Lie On Ins Viraat Blown Away By Navy Officers P Chidambaram,india,https://timesofindia.indiatimes.com/india/modis-lie-on-ins-viraat-blown-away-by-navy-officers-p-chidambaram/articleshow/69267480.cms
India And France Hold Biggest Naval Exercises With One Eye On China,india,https://timesofindia.indiatimes.com/india/india-and-france-hold-biggest-naval-exercises-with-one-eye-on-china/articleshow/69267360.cms
Jammu Srinagar National Highway Closed For Second Day,india,https://timesofindia.indiatimes.com/india/jammu-srinagar-national-highway-closed-for-second-day/articleshow/69266233.cms
Isro Now Says Chandrayaan 2 Will Have 14 Payloads Sivan Had Said 13 On May 1,india,https://timesofindia.indiatimes.com/india/isro-now-says-chandrayaan-2-will-have-14-payloads-sivan-had-said-13-on-may-1/articleshow/69266623.cms
Rahul Gandhi Responsible If Modi Comes Back To Power Congress Harming Opposition Arvind Kejriwal,india,https://timesofindia.indiatimes.com/india/rahul-gandhi-responsible-if-modi-comes-back-to-power-congress-harming-opposition-arvind-kejriwal/articleshow/69266284.cms
Jk Minor Abducted Family Gets Rs 1 Crore Ransom Call,india,https://timesofindia.indiatimes.com/india/jk-minor-abducted-family-gets-rs-1-crore-ransom-call/articleshow/69224265.cms
5000 Millionires Left India Last Year,india,https://timesofindia.indiatimes.com/india/5000-millionires-left-india-last-year/articleshow/69265809.cms
Pm Talks About Pakistan And Other Absurd Issues But Never About Problems Of People Priyanka Gandhi,india,https://timesofindia.indiatimes.com/india/pm-talks-about-pakistan-and-other-absurd-issues-but-never-about-problems-of-people-priyanka-gandhi/articleshow/69265927.cms
Chandrayaan 2 Will Carry 14 Payloads To Moon No Foreign Module This Time,india,https://timesofindia.indiatimes.com/india/chandrayaan-2-will-carry-14-payloads-to-moon-no-foreign-module-this-time/articleshow/69265687.cms
Parties Bank On Boatmen Community Ahead Of Final Two Phases Of Lok Sabha Polls,india,https://timesofindia.indiatimes.com/india/parties-bank-on-boatmen-community-ahead-of-final-two-phases-of-lok-sabha-polls/articleshow/69265607.cms
Youth Vs Experience As Dc Take On Csk,india,https://timesofindia.indiatimes.com/india/youth-vs-experience-as-dc-take-on-csk/articleshow/69264290.cms
Supreme Court Issues Notice On Madras Hcs Puducherry Lg Order,india,https://timesofindia.indiatimes.com/india/supreme-court-issues-notice-on-madras-hcs-puducherry-lg-order/articleshow/69265090.cms
Hua So Hua Pm Narendra Modi Slams Congresss Sam Pitroda For 1984 Anti Sikh Riots Remarks,india,https://timesofindia.indiatimes.com/india/hua-so-hua-pm-narendra-modi-slams-congresss-sam-pitroda-for-1984-anti-sikh-riots-remarks/articleshow/69265127.cms
Pak National Held For Hyderabad Man Murder In London,city,https://timesofindia.indiatimes.com/city/hyderabad/pak-national-held-for-hyderabad-man-murder-in-london/articleshow/69288366.cms
Bengaluru 36 Hour Power Cut In Many Localities,city,https://timesofindia.indiatimes.com/city/bengaluru/bengaluru-36-hour-power-cut-in-many-localities/articleshow/69276606.cms
Mumbaikars Can Now Drink Water Straight From Tap Bmc,city,https://timesofindia.indiatimes.com/city/mumbai/mumbaikars-can-now-drink-water-straight-from-tap-bmc/articleshow/69287656.cms
Aurangabad 21 Year Old Blames Girlfriend For Poor Results Seeks Relief,city,https://timesofindia.indiatimes.com/city/aurangabad/aurangabad-21-year-old-blames-girlfriend-for-poor-results-seeks-relief/articleshow/69276804.cms
Central Team Starts Assessment Of Damage Caused By Cyclone Fani,india,https://timesofindia.indiatimes.com/india/central-team-starts-assessment-of-damage-caused-by-cyclone-fani/articleshow/69314294.cms
Drdo Conducts Successful Flight Test Of Abhyas,india,https://timesofindia.indiatimes.com/india/drdo-conducts-successful-flight-test-of-abhyas/articleshow/69313852.cms
Sps Bicycle Will Puncture Under Weight Of Bsps Elephant Adityanath,elections,https://timesofindia.indiatimes.com/elections/lok-sabha-elections-2019/uttar-pradesh/news/sps-bicycle-will-puncture-under-weight-of-bsps-elephant-adityanath/articleshow/69313122.cms
Blasts Rock Afghanistans Jalalabad Killing 3 Wounding 20,world,https://timesofindia.indiatimes.com/world/middle-east/blasts-rock-afghanistans-jalalabad-killing-3-wounding-20/articleshow/69314209.cms
Blast In Pakistani City Quetta Kills Four Cops Officials,world,https://timesofindia.indiatimes.com/world/pakistan/blast-in-pakistani-city-quetta-kills-four-cops-officials/articleshow/69314060.cms
Philippines Votes In Polls Expected To Strengthen Rodrigo Duterte,world,https://timesofindia.indiatimes.com/world/rest-of-world/philippines-votes-in-polls-expected-to-strengthen-rodrigo-duterte/articleshow/69311911.cms
Only 1 Indian Client Of Iran Takes Up Extra Saudi Oil For June Sources,business,https://timesofindia.indiatimes.com/business/india-business/only-1-indian-client-of-iran-takes-up-extra-saudi-oil-for-june-sources/articleshow/69313923.cms
Car And Suv Sales See Steepest Fall In Nearly Eight Years,business,https://timesofindia.indiatimes.com/business/india-business/car-and-suv-sales-see-steepest-fall-in-nearly-eight-years/articleshow/69313579.cms
Icici Videocon Loan Case Chanda Kochhar Her Husband Appear Before Ed Grilled For 8 Hours,business,https://timesofindia.indiatimes.com/business/india-business/icici-videocon-loan-case-chanda-kochhar-her-husband-appear-before-ed-grilled-for-8-hours/articleshow/69312348.cms
Photos Priyanka Chopra And Nick Jonas Enjoy A Rainy Night In New York,entertainment,https://timesofindia.indiatimes.com/entertainment/hindi/bollywood/news/photos-priyanka-chopra-and-nick-jonas-enjoy-a-rainy-night-in-new-york/articleshow/69306149.cms
Find Out Why Kangana Ranauts Sister Rangoli Chandel Calls Her A Bhikhshu,entertainment,https://timesofindia.indiatimes.com/entertainment/hindi/bollywood/news/find-out-why-kangana-ranauts-sister-rangoli-chandel-calls-her-a-bhikhshu/articleshow/69309962.cms
Us Slaps Sanctions Against Indian Man Parents For Running Global Drug Smuggling Network,nri,https://timesofindia.indiatimes.com/nri/us-canada-news/us-slaps-sanctions-against-indian-man-parents-for-running-global-drug-smuggling-network/articleshow/68092158.cms
Man Faces Hate Crime Charge After Throwing Hot Coffee Punching Sikh Clerk In Us,nri,https://timesofindia.indiatimes.com/nri/us-canada-news/man-faces-hate-crime-charge-after-throwing-hot-coffee-punching-sikh-clerk-in-us/articleshow/68035145.cms
Indian Origin Man Jailed For Bomb Hoax In Singapore,nri,https://timesofindia.indiatimes.com/nri/other-news/indian-origin-man-jailed-for-bomb-hoax-in-singapore/articleshow/67634929.cms
Ap 10th Results 2019 Andhra Pradesh Board To Release Ssc Results Live Updates Bseap Org,home,https://timesofindia.indiatimes.com/home/education/news/ap-10th-results-2019-andhra-pradesh-board-to-release-ssc-results-live-updates-bseap-org/articleshow/69315531.cms
Maharashtra Govt Extended Admission Date For Pg Medical Admissions,home,https://timesofindia.indiatimes.com/home/education/news/maharashtra-govt-extended-admission-date-for-pg-medical-admissions/articleshow/69314233.cms
Protesting Phd Aspirants Allege Wrong Admission In Economics Modified Rules In Philosophy Dept,home,https://timesofindia.indiatimes.com/home/education/news/protesting-phd-aspirants-allege-wrong-admission-in-economics-modified-rules-in-philosophy-dept/articleshow/69312440.cms
Soon Water Atms To Be Installed In Corpn Wards,city,https://timesofindia.indiatimes.com/city/chennai/soon-water-atms-to-be-installed-in-corpn-wards/articleshow/69285419.cms
Soon Water Atms To Be Installed In Corpn Wards,city,https://timesofindia.indiatimes.com/city/chennai/soon-water-atms-to-be-installed-in-corpn-wards/articleshow/69285419.cms
Brts Or Metro Link For It Corridor,city,https://timesofindia.indiatimes.com/city/hyderabad/brts-or-metro-link-for-it-corridor/articleshow/69287296.cms
Cyclone Fani Odisha Government Announces Rs 1600 Crore Package For Farmers Women Shgs,city,https://timesofindia.indiatimes.com/city/bhubaneswar/cyclone-fani-odisha-government-announces-rs-1600-crore-package-for-farmers-women-shgs/articleshow/69285908.cms
Women Disabled To Get Extra Coach In Rajdhani,city,https://timesofindia.indiatimes.com/city/mumbai/women-disabled-to-get-extra-coach-in-rajdhani/articleshow/69265269.cms
Centre Gives Incentives To 10 States For Success In Police Reforms,india,https://timesofindia.indiatimes.com/india/centre-gives-incentives-to-10-states-for-success-in-police-reforms/articleshow/69199956.cms
What Is Satta Matka,india,https://timesofindia.indiatimes.com/india/what-is-satta-matka/articleshow/65670358.cms
Satta Market Bets Swing From Bjp To Congress In Madhya Pradesh,india,https://timesofindia.indiatimes.com/india/satta-market-bets-swing-from-bjp-to-congress-in-madhya-pradesh/articleshow/66724132.cms
Mp Assembly Polls Satta Market Bets Shift From Winner Loser To Seat Tally,city,https://timesofindia.indiatimes.com/city/bhopal/mp-assembly-polls-satta-market-bets-shift-from-winner-loser-to-seat-tally/articleshow/66726353.cms
What Is Sabarimala Case,india,https://timesofindia.indiatimes.com/india/what-is-sabarimala-case/articleshow/66054724.cms
Govt Plays Net Nanny Bans 800 Porn Sites Subscribers See Red,india,https://timesofindia.indiatimes.com/india/govt-plays-net-nanny-bans-800-porn-sites-subscribers-see-red/articleshow/66453163.cms
What Is Satta Matka,india,https://timesofindia.indiatimes.com/india/what-is-satta-matka/articleshow/65670358.cms
Ap 10th Results 2019 Andhra Pradesh Board To Release Ssc Results Live Updates Bseap Org,home,https://timesofindia.indiatimes.com/home/education/news/ap-10th-results-2019-andhra-pradesh-board-to-release-ssc-results-live-updates-bseap-org/articleshow/69315531.cms
Digvijaya Singh Committed Big Sin By Not Voting Says Pm Modi,elections,https://timesofindia.indiatimes.com/elections/lok-sabha-elections-2019/madhya-pradesh/news/digvijaya-singh-committed-big-sin-by-not-voting-says-pm-modi/articleshow/69306769.cms
Virat Kohli Is Driven To Be The Best Wont Be Surprised If India Win The World Cup Under His Captaincy Says Simon Katich,sports,https://timesofindia.indiatimes.com/sports/cricket/icc-world-cup/virat-kohli-is-driven-to-be-the-best-wont-be-surprised-if-india-win-the-world-cup-under-his-captaincy-says-simon-katich/articleshow/69305386.cms
Lok Sabha Elections 63 8 Polling In Sixth Phase Bengal Sees More Violence,elections,https://timesofindia.indiatimes.com/elections/news/lok-sabha-elections-63-8-polling-in-sixth-phase-bengal-sees-more-violence/articleshow/69299609.cms
Unfit For Public Life Jaitley Slams Mayawati After Remarks On Pm Modi,india,https://timesofindia.indiatimes.com/india/unfit-for-public-life-jaitley-slams-mayawati-after-remarks-on-pm-modi/articleshow/69305308.cms
Arrest Me For Chanting Jai Shri Ram Amit Shah Dares Mamata Banerje,elections,https://timesofindia.indiatimes.com/elections/lok-sabha-elections-2019/west-bengal/news/arrest-me-for-chanting-jai-shri-ram-amit-shah-dares-mamata-banerje/articleshow/69306304.cms
Itc Appoints Sanjiv Puri As Chairman Q4 Profit Up 19,business,https://timesofindia.indiatimes.com/business/india-business/itc-appoints-sanjiv-puri-as-chairman-q4-profit-up-19/articleshow/69306846.cms
Bjp Candidate Attacked Twice In West Bengal Ceo Seeks Report,elections,https://timesofindia.indiatimes.com/elections/lok-sabha-elections-2019/west-bengal/news/bjp-candidate-attacked-twice-in-west-bengal-ceo-seeks-report/articleshow/69291552.cms
Voting Under Way In All 7 Lok Sabha Seats Of Delhi,city,https://timesofindia.indiatimes.com/city/delhi/voting-under-way-in-all-7-lok-sabha-seats-of-delhi/articleshow/69286837.cms
Pm Modi Playing Dirty Politics Over Alwar Gangrape Case Says Mayawati,elections,https://timesofindia.indiatimes.com/elections/news/pm-modi-playing-dirty-politics-over-alwar-gangrape-case-says-mayawati/articleshow/69302375.cms
Love Will Win In Lok Sabha Battle Says Rahul,elections,https://timesofindia.indiatimes.com/elections/news/love-will-win-in-lok-sabha-battle-says-rahul/articleshow/69289866.cms
Rrb Railway Je 2019 Cbt 1 Exam City Mock Test Link Activated Check Here,home,https://timesofindia.indiatimes.com/home/education/news/rrb-railway-je-2019-cbt-1-exam-city-mock-test-link-activated-check-here/articleshow/69301021.cms
Horoscope Today May 12 Check Astrological Prediction For Cancer Leo Virgo Libra And Other Signs,astrology,https://timesofindia.indiatimes.com/astrology/horoscope/horoscope-today-may-12-check-astrological-prediction-for-cancer-leo-virgo-libra-and-other-signs/articleshow/69289751.cms
Jkbose 10th Result 2019 Declared For Jammu Division Jkbose Ac In Check Direct Link Here,home,https://timesofindia.indiatimes.com/home/education/news/jkbose-10th-result-2019-declared-for-jammu-division-jkbose-ac-in-check-direct-link-here/articleshow/69305327.cms
This Boy Lost A Massive 30 Kilos Heres How,life-style,https://timesofindia.indiatimes.com/life-style/health-fitness/weight-loss/this-boy-lost-a-massive-30-kilos-heres-how/articleshow/69303224.cms
9 Things You Should Never Do While Having Sex,life-style,https://timesofindia.indiatimes.com/life-style/relationships/love-sex/9-things-you-should-never-do-while-having-sex/articleshow/9137470.cms
9 Reasons You Should Have Sex Everyday,life-style,https://timesofindia.indiatimes.com/life-style/relationships/love-sex/9-reasons-you-should-have-sex-everyday/articleshow/11615900.cms
Xiaomi Redmi Note 7 Pro To Go On Sale Today Via Flipkart,gadgets-news,https://timesofindia.indiatimes.com/gadgets-news/xiaomi-redmi-note-7-pro-to-go-on-sale-today-via-flipkart/articleshow/69227812.cms
Sundar Pichai Has A Message For Apple On Privacy And Iphones Pricing,gadgets-news,https://timesofindia.indiatimes.com/gadgets-news/sundar-pichai-has-a-message-for-apple-on-privacy-and-iphones-pricing/articleshow/69251393.cms
Google Pixel 3a Pixel 3a Xl India Price Availability Offers And More,gadgets-news,https://timesofindia.indiatimes.com/gadgets-news/google-pixel-3a-pixel-3a-xl-india-price-availability-offers-and-more/articleshow/69225356.cms
Google Assistant Becomes 10x Faster And Can Do Lot More For You,gadgets-news,https://timesofindia.indiatimes.com/gadgets-news/google-assistant-becomes-10x-faster-and-can-do-lot-more-for-you/articleshow/69225096.cms
O 2019 Android Q Coming 21 Smartphones Including Pixel Phones Soon,gadgets-news,https://timesofindia.indiatimes.com/gadgets-news/google-i/o-2019-android-q-coming-21-smartphones-including-pixel-phones-soon/articleshow/69225022.cms
Google Lens Comes To Android Go Gets New Features,gadgets-news,https://timesofindia.indiatimes.com/gadgets-news/google-lens-comes-to-android-go-gets-new-features/articleshow/69224876.cms
